14;57;15,4200360774994;-27,1555;-47,12411;451;410
14;57;30,0541913509369;-27,1555;-47,12411;451;410
14;57;35,0572996139526;-27,1555;-47,12411;451;410
14;57;40,0557887554169;-27,1555;-47,12411;451;410
14;57;45,0553200244904;-27,1555;-47,12411;451;410
14;57;50,0845494270325;-27,1555;-47,12411;451;410
14;57;55,0596151351929;-27,1555;-47,12411;451;410
14;58;0,0570764541625977;-27,1555;-47,12411;451;410
14;58;5,0574676990509;-27,1555;-47,12411;451;410
14;58;10,2155933380127;-27,1555;-47,12411;451;410
14;58;15,0576605796814;-27,1555;-47,12411;451;410
14;58;20,0849730968475;-27,1555;-47,12411;451;410
14;58;25,0598726272583;-27,1555;-47,12411;451;410
14;58;30,0596299171448;-27,1555;-47,12411;451;410
14;58;35,0614759922028;-27,1555;-47,12411;451;410
14;58;40,0620727539062;-27,1555;-47,12411;451;410
14;58;45,0623919963837;-27,1555;-47,12411;451;410
14;58;50,0615975856781;-27,1555;-47,12411;451;410
14;58;55,0669333934784;-27,1555;-47,12411;451;410
14;59;0,0830590724945068;-27,1555;-47,12411;451;410
14;59;5,06336355209351;-27,1555;-47,12411;451;410
14;59;10,0636789798737;-27,1555;-47,12411;451;410
14;59;15,0657467842102;-27,1555;-47,12411;451;410
14;59;20,0910439491272;-27,1555;-47,12411;451;410
14;59;25,0666825771332;-27,1555;-47,12411;451;410
14;59;30,0793604850769;-27,1555;-47,12411;451;410
14;59;35,0735921859741;-27,1555;-47,12411;451;410
14;59;40,068763256073;-27,1555;-47,12411;451;410
14;59;45,0690674781799;-27,1555;-47,12411;451;410
14;59;50,0702550411224;-27,1555;-47,12411;451;410
14;59;55,0720186233521;-27,1555;-47,12411;451;410
15;0;0,0713436603546143;-27,1555;-47,12411;451;410
15;0;5,07073998451233;-27,1555;-47,12411;451;410
15;0;10,0702750682831;-27,1555;-47,12411;451;410
15;0;15,0718586444855;-27,1555;-47,12411;451;410
15;0;20,0797135829926;-27,1555;-47,12411;451;410
15;0;25,0770545005798;-27,1555;-47,12411;451;410
15;0;30,0727970600128;-27,1555;-47,12411;451;410
15;0;35,0874035358429;-27,1555;-47,12411;451;410
15;0;40,0722632408142;-27,1555;-47,12411;451;410
15;0;45,0734443664551;-27,1555;-47,12411;451;410
15;0;50,0767543315887;-27,1555;-47,12411;451;410
15;0;55,1072721481323;-27,1555;-47,12411;451;410
15;1;0,0883448123931885;-27,1555;-47,12411;451;410
15;1;5,07455658912659;-27,1555;-47,12411;451;410
15;1;10,0756540298462;-27,1555;-47,12411;451;410
15;1;15,07639503479;-27,1555;-47,12411;451;410
15;1;20,0774350166321;-27,1555;-47,12411;451;410
15;1;25,0803768634796;-27,1555;-47,12411;451;410
15;1;30,0894248485565;-27,1555;-47,12411;451;410
15;1;35,081166267395;-27,1555;-47,12411;451;410
15;1;40,0808849334717;-27,1555;-47,12411;451;410
15;1;45,0811095237732;-27,1555;-47,12411;451;410
15;1;50,0812401771545;-27,1555;-47,12411;451;410
15;1;55,0838434696198;-27,1555;-47,12411;451;410
15;2;0,0839812755584717;-27,1555;-47,12411;451;410
15;2;5,08354997634888;-27,1555;-47,12411;451;410
15;2;10,0859470367432;-27,1555;-47,12411;451;410
15;2;15,0921874046326;-27,1555;-47,12411;451;410
15;2;20,0989027023315;-27,1555;-47,12411;451;410
15;2;25,0840911865234;-27,1555;-47,12411;451;410
15;2;30,086277961731;-27,1555;-47,12411;451;410
15;2;35,0856630802155;-27,1555;-47,12411;451;410
15;2;40,0855386257172;-27,1555;-47,12411;451;410
15;2;45,0929276943207;-27,1555;-47,12411;451;410
15;2;50,090448141098;-27,1555;-47,12411;451;410
15;2;55,0900466442108;-27,1555;-47,12411;451;410
15;3;0,0886235237121582;-27,1555;-47,12411;451;410
15;3;5,09101605415344;-27,1555;-47,12411;451;410
15;3;10,0901529788971;-27,1555;-47,12411;451;410
15;3;15,0916957855225;-27,1555;-47,12411;451;410
15;3;20,1016244888306;-27,1555;-47,12411;451;410
15;3;25,0906932353973;-27,1555;-47,12411;451;410
15;3;30,0942380428314;-27,1555;-47,12411;451;410
15;3;35,1286385059357;-27,1555;-47,12411;451;410
15;3;40,0918700695038;-27,1555;-47,12411;451;410
15;3;45,0932929515839;-27,1555;-47,12411;451;410
15;3;50,1097483634949;-27,1555;-47,12411;451;410
15;3;55,0943992137909;-27,1555;-47,12411;451;410
15;4;0,0967280864715576;-27,1555;-47,12411;451;410
15;4;5,09699296951294;-27,1555;-47,12411;451;410
15;4;10,135657787323;-27,1555;-47,12411;451;410
15;4;15,0951862335205;-27,1555;-47,12411;451;410
15;4;20,1082055568695;-27,1555;-47,12411;451;410
15;4;25,097781419754;-27,1555;-47,12411;451;410
15;4;30,1042280197144;-27,1555;-47,12411;451;410
15;4;35,1040689945221;-27,1555;-47,12411;451;410
15;4;40,2102973461151;-27,1555;-47,12411;451;410
15;4;45,099977016449;-27,1555;-47,12411;451;410
15;4;50,1259393692017;-27,1555;-47,12411;451;410
15;4;55,1035125255585;-27,1555;-47,12411;451;410
15;5;0,109815835952759;-27,1555;-47,12411;451;410
15;5;5,10245895385742;-27,1555;-47,12411;451;410
15;5;10,1022806167603;-27,1555;-47,12411;451;410
15;5;15,1064689159393;-27,1555;-47,12411;451;410
15;5;20,103485584259;-27,1555;-47,12411;451;410
15;5;25,1075332164764;-27,1555;-47,12411;451;410
15;5;30,1550550460815;-27,1555;-47,12411;451;410
15;5;35,10710978508;-27,1555;-47,12411;451;410
15;5;40,1058840751648;-27,1555;-47,12411;451;410
15;5;45,1581389904022;-27,1555;-47,12411;451;410
15;5;50,1188604831696;-27,1555;-47,12411;451;410
15;5;55,108179807663;-27,1555;-47,12411;451;410
15;6;0,10927939414978;-27,1555;-47,12411;451;410
15;6;5,11282563209534;-27,1555;-47,12411;451;410
15;6;10,1078696250916;-27,1555;-47,12411;451;410
15;6;15,1099646091461;-27,1555;-47,12411;451;410
15;6;20,1242644786835;-27,1555;-47,12411;451;410
15;6;25,1104826927185;-27,1555;-47,12411;451;410
15;6;30,1117844581604;-27,1555;-47,12411;451;410
15;6;35,1194059848785;-27,1555;-47,12411;451;410
15;6;40,1120285987854;-27,1555;-47,12411;451;410
15;6;45,1403172016144;-27,1555;-47,12411;451;410
15;6;50,1133143901825;-27,1555;-47,12411;451;410
15;6;55,1136996746063;-27,1555;-47,12411;451;410
15;7;0,115478515625;-27,1555;-47,12411;451;410
15;7;5,11864113807678;-27,1555;-47,12411;451;410
15;7;10,1184139251709;-27,1555;-47,12411;451;410
15;7;15,1208002567291;-27,1555;-47,12411;451;410
15;7;20,1295328140259;-27,1555;-47,12411;451;410
15;7;25,1194393634796;-27,1555;-47,12411;451;410
15;7;30,1448929309845;-27,1555;-47,12411;451;410
15;7;35,1223139762878;-27,1555;-47,12411;451;410
15;7;40,12069439888;-27,1555;-47,12411;451;410
15;7;45,1216728687286;-27,1555;-47,12411;451;410
15;7;50,1230063438416;-27,1555;-47,12411;451;410
15;7;55,1322634220123;-27,1555;-47,12411;451;410
15;7;58,1135911941528;-27,1555;-47,12411;451;410
15;8;0,122210025787354;-27,1555;-47,12411;451;410
15;8;34,3642141819;-27,1555;-47,12411;451;410
15;8;39,3658413887024;-27,1555;-47,12411;451;410
15;8;44,3674471378326;-27,1555;-47,12411;451;410
15;8;49,6844012737274;-27,1555;-47,12411;451;410
15;9;49,3926527500153;-27,1555;-47,12411;451;410
15;9;54,4048473834991;-27,1555;-47,12411;451;410
15;9;59,4103119373322;-27,1555;-47,12411;451;410
15;10;4,38709235191345;-27,1555;-47,12411;451;410
15;10;9,39404773712158;-27,1555;-47,12411;451;410
15;10;14,404890537262;-27,1555;-47,12411;451;410
15;10;19,3914115428925;-27,1555;-47,12411;451;410
15;10;24,3891580104828;-27,1555;-47,12411;451;410
15;10;29,397233247757;-27,1555;-47,12411;451;410
15;10;34,3958506584167;-27,1555;-47,12411;451;410
15;10;39,3942201137543;-27,1555;-47,12411;451;410
15;10;44,3950612545013;-27,1555;-47,12411;451;410
15;10;49,3905866146088;-27,1555;-47,12411;451;410
15;10;54,4007208347321;-27,1555;-47,12411;451;410
15;10;59,4006140232086;-27,1555;-47,12411;451;410
15;11;4,38950252532959;-27,1555;-47,12411;451;410
15;11;9,39040207862854;-27,1555;-47,12411;451;410
15;11;14,3907597064972;-27,1555;-47,12411;451;410
15;11;19,3950510025024;-27,1555;-47,12411;451;410
15;11;24,6329302787781;-27,1555;-47,12411;451;410
15;11;30,1315262317657;-27,1555;-47,12411;451;410
15;11;34,3998684883118;-27,1555;-47,12411;451;410
15;11;39,8567771911621;-27,1555;-47,12411;451;410
15;11;44,3941049575806;-27,1555;-47,12411;451;410
15;11;49,3945243358612;-27,1555;-47,12411;451;410
15;12;16,0414400100708;-27,1555;-47,12411;NA;155,115708435775
15;12;21,0412454605103;-27,1555;-47,12411;NA;54,094421930688
15;12;26,0426216125488;-27,1555;-47,12411;NA;36,8465019310564
15;12;31,0413401126862;-27,1555;-47,12411;NA;64,663012192838
15;12;35,3048450946808;-27,1555;-47,12411;264,031043287523;267,367678297507
15;12;40,3364009857178;-27,1555;-47,12411;62,095085813595;257,262269014009
15;12;45,3197922706604;-27,1555;-47,12411;114,758377997496;94,5345806855146
15;12;50,3063549995422;-27,1555;-47,12411;128,527810641671;47,8980638984801
15;12;55,3042879104614;-27,1555;-47,12411;162,118665424291;193,665694693371
15;13;0,499354124069214;-27,1555;-47,12411;250,479347155261;101,284886751136
15;13;5,31609463691711;-27,1555;-47,12411;60,0933204029001;248,792949776932
15;13;10,3067345619202;-27,1555;-47,12411;196,942984897256;97,1687993305304
15;13;15,3088507652283;-27,1555;-47,12411;41,9307678360413;228,112292363682
15;13;20,3090302944183;-27,1555;-47,12411;233,877193815055;190,22804254086
15;13;25,3091201782227;-27,1555;-47,12411;193,172408203925;231,646554621727
15;13;30,3260576725006;-27,1555;-47,12411;232,176927827047;25,4041092369747
15;13;35,3126006126404;-27,1555;-47,12411;139,284961689796;233,563734194871
15;13;40,318051815033;-27,1555;-47,12411;132,258334609558;7,38919259893791
15;13;45,3118305206299;-27,1555;-47,12411;266,572544748811;245,912843491465
15;13;50,3130307197571;-27,1555;-47,12411;135,417959211829;10,7607208332825
15;13;55,3554203510284;-27,1555;-47,12411;237,641985413182;103,438715251689
15;14;0,319252014160156;-27,1555;-47,12411;30,5090825368612;41,8019925151609
15;14;5,31337571144104;-27,1555;-47,12411;294,152783334955;226,329889663723
15;14;10,3160107135773;-27,1555;-47,12411;20,0212630769511;142,73080156127
15;14;15,3142650127411;-27,1555;-47,12411;277,17163414728;298,389323600156
15;14;20,3139700889587;-27,1555;-47,12411;113,221212633685;102,085408159002
15;14;25,3157739639282;-27,1555;-47,12411;231,10373810633;179,912018045
15;14;30,3173909187317;-27,1555;-47,12411;226,097033971989;114,837721151571
15;14;35,3153424263;-27,1555;-47,12411;148,952922608387;275,308521304744
15;14;40,3792045116425;-27,1555;-47,12411;82,3492171309959;202,006725081962
15;14;45,3298902511597;-27,1555;-47,12411;25,6099142477678;235,508714951653
15;14;50,3187777996063;-27,1555;-47,12411;196,585701670672;140,145762379196
15;14;55,3187425136566;-27,1555;-47,12411;238,490097325405;2,9000970240556
15;15;0,347207307815552;-27,1555;-47,12411;99,9174195257226;133,958422748395
15;15;5,31982207298279;-27,1555;-47,12411;234,838073899217;99,2188563661332
15;15;10,321711063385;-27,1555;-47,12411;43,1226151213927;145,210712567266
15;15;15,3281269073486;-27,1555;-47,12411;91,9754037738891;164,05831839996
15;15;45,3311595916748;-27,1555;-47,12411;11,4041920453441;150,188901883608
15;15;50,3400530815125;-27,1555;-47,12411;7,28792353477996;248,941698330414
15;15;55,3318395614624;-27,1555;-47,12411;106,855425819005;160,487750105327
15;16;0,334783315658569;-27,1555;-47,12411;154,961072318984;83,8768671212241
15;16;5,3358838558197;-27,1555;-47,12411;77,1574643547469;176,927419930528
15;16;10,3376977443695;-27,1555;-47,12411;297,851968365516;86,9202930740382
15;16;15,3356935977936;-27,1555;-47,12411;217,722675159371;141,645421904131
15;16;20,3697278499603;-27,1555;-47,12411;13,8873682951991;88,6839697110614
15;16;25,3361184597015;-27,1555;-47,12411;97,061223866312;244,655266373271
15;16;30,3367636203766;-27,1555;-47,12411;53,5047230707072;212,121478725275
15;16;35,339359998703;-27,1555;-47,12411;78,7929976928649;219,725856395662
15;16;40,339812040329;-27,1555;-47,12411;0,835727767948513;165,069834758184
15;16;45,3541975021362;-27,1555;-47,12411;137,363697298796;297,818830014088
15;16;50,3413236141205;-27,1555;-47,12411;287,971345558135;221,2985287178
15;16;55,3403215408325;-27,1555;-47,12411;129,748126024962;120,123889858152
15;17;0,408001899719238;-27,1555;-47,12411;272,271097032462;126,84301046363
15;17;5,38255023956299;-27,1555;-47,12411;293,952842087275;255,828054221792
15;17;10,4472281932831;-27,1555;-47,12411;12,0594184614603;251,43408644443
15;17;15,3466777801514;-27,1555;-47,12411;104,070286919044;263,620531297477
15;17;20,3440392017365;-27,1555;-47,12411;153,72806941314;23,7514282667656
15;17;25,3453483581543;-27,1555;-47,12411;113,362283887719;62,032779583292
15;17;30,3486909866333;-27,1555;-47,12411;166,756783380088;67,6005445160527
15;17;35,3471148014069;-27,1555;-47,12411;169,873839336937;165,543551555235
15;17;40,3509137630463;-27,1555;-47,12411;21,7890670431248;257,616802855745
15;17;45,3488366603851;-27,1555;-47,12411;101,203518483029;120,706160355836
15;17;50,357102394104;-27,1555;-47,12411;173,378028112259;214,284772375978
15;17;55,3526792526245;-27,1555;-47,12411;89,5226251708115;145,740982600312
15;18;0,351589441299438;-27,1555;-47,12411;205,543569714221;158,143812481428
15;18;5,3518340587616;-27,1555;-47,12411;50,9314030173177;9,59184200024474
15;18;10,3532371520996;-27,1555;-47,12411;288,920051081038;150,487882192966
15;18;15,3534178733826;-27,1555;-47,12411;64,1106514624668;81,8817544375571
15;18;20,3538556098938;-27,1555;-47,12411;259,700069984766;195,042808592749
15;18;25,3522057533264;-27,1555;-47,12411;210,192783614142;10,9537308570602
15;18;30,3519384860992;-27,1555;-47,12411;228,763203881401;295,101088965041
15;18;35,354594707489;-27,1555;-47,12411;23,3943204498961;186,287200437397
15;18;40,3651027679443;-27,1555;-47,12411;87,7506373229512;276,353406433016
15;18;45,3540260791779;-27,1555;-47,12411;188,853988557309;33,8336508887202
15;18;50,3651797771454;-27,1555;-47,12411;48,2316844652877;267,864611497415
15;18;55,3548352718353;-27,1555;-47,12411;231,08416058941;117,860383270298
15;19;0,355757236480713;-27,1555;-47,12411;130,595658434272;92,5628573177212
15;19;5,36054563522339;-27,1555;-47,12411;200,33872280619;294,155882140568
15;19;10,3559622764587;-27,1555;-47,12411;227,999557766756;141,210797121639
15;19;15,3602287769318;-27,1555;-47,12411;247,619613635616;70,8384671284206
15;19;20,3972690105438;-27,1555;-47,12411;243,555422525914;231,379237544682
15;19;25,3599138259888;-27,1555;-47,12411;258,609848524573;22,4055463586717
15;19;30,3691444396973;-27,1555;-47,12411;160,246421273778;42,1706027824768
15;19;35,360888004303;-27,1555;-47,12411;24,2014132920158;168,464563432509
15;19;40,4454624652863;-27,1555;-47,12411;124,948094823326;240,105254417802
15;19;45,3643164634705;-27,1555;-47,12411;3,60605710474617;145,485709014621
15;19;52,9140176773071;-27,1555;-47,12411;88,5010414415108;34,346277378654
15;20;0,362270593643188;-27,1555;-47,12411;118,485230287501;147,749085819908
15;20;5,45146727561951;-27,1555;-47,12411;8,51274050630695;103,745911126243
15;20;11,1408805847168;-27,1555;-47,12411;236,11162003963;255,830374411015
15;20;15,4244608879089;-27,1555;-47,12411;243,875084913298;222,524762620422
15;20;20,3685841560364;-27,1555;-47,12411;64,0924099137182;41,0119262017275
15;20;26,0928511619568;-27,1555;-47,12411;293,838371166918;7,54096433353759
15;20;35,3748466968536;-27,1555;-47,12411;204,163420605757;227,501752735318
15;20;40,5679619312286;-27,1555;-47,12411;117,99997137855;200,0342549859
15;20;45,5200102329254;-27,1555;-47,12411;155,995778248221;40,9912850865684
15;20;50,557121515274;-27,1555;-47,12411;244,792135863658;78,2763818063884
15;20;55,372288942337;-27,1555;-47,12411;254,141446344182;201,086798402559
15;21;0,535876989364624;-27,1555;-47,12411;68,204717982996;42,5485710899174
15;21;5,60474944114685;-27,1555;-47,12411;279,736282108247;128,016321238744
15;21;10,3957526683807;-27,1555;-47,12411;171,749033035888;85,5651605855985
15;21;15,3759784698486;-27,1555;-47,12411;45,635520925219;147,625835676136
15;21;21,6359882354736;-27,1555;-47,12411;153,213042709205;258,793280433063
15;21;26,1098926067352;-27,1555;-47,12411;19,7346893457645;175,667948316006
15;21;30,3899419307709;-27,1555;-47,12411;199,212327199687;45,876576595707
15;21;35,4134211540222;-27,1555;-47,12411;297,110528027551;247,863968665851
15;21;40,3965532779694;-27,1555;-47,12411;53,8286547103956;184,18361165872
15;21;45,4877898693085;-27,1555;-47,12411;196,772807397562;23,2216407847398
15;21;50,37428855896;-27,1555;-47,12411;69,5972942622902;291,046449015474
15;21;55,4654841423035;-27,1555;-47,12411;172,816056219317;8,5303178348046
15;22;0,419659614562988;-27,1555;-47,12411;117,873934398378;259,705462608566
15;22;10,3961932659149;-27,1555;-47,12411;52,7838254364409;101,811267713328
15;22;15,9650173187256;-27,1555;-47,12411;107,254633693805;278,231443371162
15;22;21,3938474655151;-27,1555;-47,12411;4,44088206215982;150,277480545254
15;22;30,4489214420319;-27,1555;-47,12411;295,310523342445;154,273938181003
15;22;35,4215512275696;-27,1555;-47,12411;41,3682120778811;118,836295238176
15;22;40,7566883563995;-27,1555;-47,12411;40,5752201032856;18,0911372740372
15;22;45,4251127243042;-27,1555;-47,12411;87,2502186692777;149,813138406674
15;22;50,3855903148651;-27,1555;-47,12411;253,077180157342;293,316346527102
15;22;56,1811020374298;-27,1555;-47,12411;76,3157526005181;260,789853488948
15;23;0,40904712677002;-27,1555;-47,12411;287,147133763878;56,089579288343
15;23;5,40785646438599;-27,1555;-47,12411;21,2004197611931;10,8811254089282
15;23;10,5978395938873;-27,1555;-47,12411;19,2563111167667;166,719170461575
15;23;16,5929427146912;-27,1555;-47,12411;293,0358980148;294,736915428695
15;23;20,3897612094879;-27,1555;-47,12411;28,8614203562901;41,9867924978993
15;23;25,3899743556976;-27,1555;-47,12411;91,8956100936271;251,467809095008
15;23;30,451363325119;-27,1555;-47,12411;210,635529521107;194,160508573766
15;23;36,4063758850098;-27,1555;-47,12411;108,020111658984;113,40266515128
15;23;45,4789092540741;-27,1555;-47,12411;86,1629691594905;186,884297432145
15;23;50,4799757003784;-27,1555;-47,12411;139,64164530486;0,304815022829819
15;24;0,394166946411133;-27,1555;-47,12411;51,8906376112828;251,184564860601
15;24;5,41848945617676;-27,1555;-47,12411;148,271453405268;206,720486284911
15;24;10,45032787323;-27,1555;-47,12411;266,452329829766;86,5835096692022
15;24;15,4201602935791;-27,1555;-47,12411;214,052293121245;247,788675751119
15;24;20,6087522506714;-27,1555;-47,12411;86,7979276947245;118,375901975648
15;24;25,3989193439484;-27,1555;-47,12411;169,203310830844;206,203139652422
15;24;30,4031190872192;-27,1555;-47,12411;3,45451116972086;32,9326932325266
15;24;35,397857427597;-27,1555;-47,12411;160,999599829717;48,379192008261
15;24;40,4618661403656;-27,1555;-47,12411;62,5269035178827;283,201514454411
15;24;45,4694337844849;-27,1555;-47,12411;122,040138077096;11,1634473633861
15;24;50,5267984867096;-27,1555;-47,12411;89,1831436112432;6,46510984707609
15;24;55,4031791687012;-27,1555;-47,12411;116,490997478511;253,430455170142
15;25;0,410486698150635;-27,1555;-47,12411;179,855773204667;175,105034687766
15;25;10,3998000621796;-27,1555;-47,12411;272,970623476281;116,375354629145
15;25;15,453803062439;-27,1555;-47,12411;17,3377332678704;238,033425685821
15;25;20,4965162277222;-27,1555;-47,12411;248,968917722655;266,422920977357
15;25;25,4055106639862;-27,1555;-47,12411;253,331810966714;159,326530470527
15;25;30,5922605991364;-27,1555;-47,12411;86,1133862693585;9,86761878526212
15;25;35,4579782485962;-27,1555;-47,12411;293,314374371471;8,66921873561806
15;25;40,6698334217072;-27,1555;-47,12411;236,817907806145;2,51948277927321
15;25;45,4068293571472;-27,1555;-47,12411;234,433248629534;209,376906076872
15;25;50,7054181098938;-27,1555;-47,12411;49,6946697421335;84,1913115018716
15;25;55,4067659378052;-27,1555;-47,12411;248,200590732364;193,129926759731
15;26;1,11226487159729;-27,1555;-47,12411;27,017753732051;299,739504291979
15;26;5,5980396270752;-27,1555;-47,12411;28,2062708011089;110,803741916391
15;26;10,5803310871124;-27,1555;-47,12411;58,2608119850895;142,999726161098
15;26;15,4067821502686;-27,1555;-47,12411;272,994937067922;177,396103160465
15;26;20,4126045703888;-27,1555;-47,12411;274,331280619102;58,6190488425094
15;26;25,4094579219818;-27,1555;-47,12411;151,71814616633;285,320553546313
15;26;30,4322445392609;-27,1555;-47,12411;241,356699517853;151,136517543925
15;26;35,4108891487122;-27,1555;-47,12411;265,599600423951;0,443042470450594
15;26;40,411062002182;-27,1555;-47,12411;253,047446506917;16,49521328276
15;26;45,4328744411469;-27,1555;-47,12411;7,58728416031849;1,33536823727696
15;26;50,4204275608063;-27,1555;-47,12411;17,6585100212508;165,28275449496
15;26;55,4147605895996;-27,1555;-47,12411;10,2097493872424;166,510770588469
15;27;0,463610887527466;-27,1555;-47,12411;292,991507595812;143,6574511982
15;27;5,42758655548096;-27,1555;-47,12411;206,893634421323;63,3280248759259
15;27;10,4213135242462;-27,1555;-47,12411;242,164019810226;66,4316845326349
15;27;15,4189162254333;-27,1555;-47,12411;142,800710557651;237,897677478705
15;27;20,4193909168243;-27,1555;-47,12411;165,624789312367;4,32498724348584
15;27;25,4204983711243;-27,1555;-47,12411;81,295151906218;186,692745920044
15;27;30,4204411506653;-27,1555;-47,12411;210,701811508625;241,620152478044
15;27;35,4468760490417;-27,1555;-47,12411;134,029698472763;95,7668796543516
15;27;40,420135974884;-27,1555;-47,12411;18,1076644904189;38,0019973978775
15;27;45,4218647480011;-27,1555;-47,12411;137,766052461682;22,2276060698406
15;27;50,4289598464966;-27,1555;-47,12411;260,701610005418;289,47621157641
15;27;55,422928571701;-27,1555;-47,12411;184,643995625722;60,2641772651006
15;28;0,435542106628418;-27,1555;-47,12411;266,282883957583;92,1266999163959
15;28;5,4256055355072;-27,1555;-47,12411;171,508305154048;92,8981349419053
15;28;10,4255850315094;-27,1555;-47,12411;222,29112869905;58,0205307917184
15;28;15,4273819923401;-27,1555;-47,12411;182,363211265459;0,18686510706527
15;28;20,4244291782379;-27,1555;-47,12411;234,65473120016;242,179398622392
15;28;25,4256658554077;-27,1555;-47,12411;106,511908393322;293,489150763238
15;28;30,4421122074127;-27,1555;-47,12411;93,8011896842848;253,449218057339
15;28;35,4281487464905;-27,1555;-47,12411;279,886041841207;298,344789930528
15;28;40,4270126819611;-27,1555;-47,12411;61,6316695235066;158,944962107416
15;28;45,4339244365692;-27,1555;-47,12411;91,3295579714049;56,5979245695244
15;28;50,433168888092;-27,1555;-47,12411;162,142425860196;165,905793654132
15;28;55,4292030334473;-27,1555;-47,12411;281,452428856216;47,1890562853061
15;29;0,511523008346558;-27,1555;-47,12411;294,667180075453;269,336563192277
15;29;5,43542146682739;-27,1555;-47,12411;218,390549700625;162,422307741256
15;29;10,4292068481445;-27,1555;-47,12411;276,700342944856;79,5425396607098
15;29;15,4327149391174;-27,1555;-47,12411;35,2089326300402;145,738171154457
15;29;20,4324502944946;-27,1555;-47,12411;234,243957554787;38,1365168413966
15;29;25,4333937168121;-27,1555;-47,12411;235,814867593572;61,463211623753
15;29;30,4375450611115;-27,1555;-47,12411;253,495680770068;168,285367976924
15;29;35,4393606185913;-27,1555;-47,12411;254,20686146558;71,7424785524866
15;29;40,4386384487152;-27,1555;-47,12411;187,368422226567;139,658873124554
15;29;45,4390065670013;-27,1555;-47,12411;5,36921212783004;80,1187653822807
15;29;50,439882516861;-27,1555;-47,12411;74,2292761113393;104,403860744684
15;29;55,4410908222198;-27,1555;-47,12411;113,700656529622;238,906113812501
15;30;0,443270921707153;-27,1555;-47,12411;183,229487092173;82,1772453426548
15;30;5,43893432617188;-27,1555;-47,12411;119,97073052472;245,012500348399
15;30;10,4428327083588;-27,1555;-47,12411;49,4696284242685;47,8367541741404
15;30;15,4556403160095;-27,1555;-47,12411;1,63552405585023;69,0433575210789
15;30;20,4413859844208;-27,1555;-47,12411;13,9058713883452;16,6158621415146
15;30;25,4404430389404;-27,1555;-47,12411;37,6399654256725;10,8101346473833
15;30;30,4430258274078;-27,1555;-47,12411;41,2870624460252;206,141828527895
15;30;35,4437642097473;-27,1555;-47,12411;246,673249779048;158,731073039565
15;30;40,4522075653076;-27,1555;-47,12411;252,281868524215;163,003061826101
15;30;45,4460740089417;-27,1555;-47,12411;190,859204956368;137,425207667162
15;30;50,4466373920441;-27,1555;-47,12411;220,993400815927;184,462421978194
15;30;55,4471919536591;-27,1555;-47,12411;283,019981536023;254,889164955082
15;31;0,449040412902832;-27,1555;-47,12411;128,575031684723;85,669469061625
15;31;5,44809246063232;-27,1555;-47,12411;81,8788996108256;187,772569476669
15;31;10,4572968482971;-27,1555;-47,12411;53,5798122011891;105,63963975144
15;31;15,4492745399475;-27,1555;-47,12411;276,573536335156;29,8282288125493
15;31;20,5451426506042;-27,1555;-47,12411;149,701225091378;289,232078877352
15;31;25,4596860408783;-27,1555;-47,12411;102,393898811652;51,0789140740136
15;31;30,4509963989258;-27,1555;-47,12411;292,720663815588;189,901851894387
15;31;35,4555659294128;-27,1555;-47,12411;125,956636865442;206,391247239682
15;31;40,4571816921234;-27,1555;-47,12411;260,322815255124;146,198122891668
15;31;45,4669439792633;-27,1555;-47,12411;31,4902472002923;292,603853842289
15;31;50,4561038017273;-27,1555;-47,12411;173,737360293743;28,2386468524797
15;31;55,4530112743378;-27,1555;-47,12411;228,232818095593;245,487568628465
15;32;0,453588247299194;-27,1555;-47,12411;20,0589312005189;243,532575310119
15;32;5,45450448989868;-27,1555;-47,12411;193,873764432449;276,042542607215
15;32;10,4540109634399;-27,1555;-47,12411;28,5779901974124;30,121918979243
15;32;15,4688215255737;-27,1555;-47,12411;266,073468105952;84,0396043557356
15;32;20,4583058357239;-27,1555;-47,12411;250,208995603898;281,117623626228
15;32;25,4626588821411;-27,1555;-47,12411;115,657292083272;68,0995859490753
15;32;30,4628601074219;-27,1555;-47,12411;32,6089067252765;141,725833300252
15;32;35,4672074317932;-27,1555;-47,12411;243,433626132771;18,5717646997152
15;32;40,4592068195343;-27,1555;-47,12411;113,0210570575;165,913916200667
15;32;45,4848158359528;-27,1555;-47,12411;144,575580796778;146,450616487665
15;32;50,461674451828;-27,1555;-47,12411;170,13014409616;234,827237148366
15;32;55,4623181819916;-27,1555;-47,12411;156,866150674012;14,6227305668681
15;33;0,463129997253418;-27,1555;-47,12411;17,8232240183116;279,64977261155
15;33;5,46538925170898;-27,1555;-47,12411;32,8718348355054;40,8372220188868
15;33;10,4678440093994;-27,1555;-47,12411;150,145767398284;227,117250114299
15;33;15,4626605510712;-27,1555;-47,12411;219,372499523222;40,7810582871792
15;33;20,4658880233765;-27,1555;-47,12411;162,308082684664;89,0911351207066
15;33;25,4635865688324;-27,1555;-47,12411;114,543685632237;136,02054333324
15;33;30,4821484088898;-27,1555;-47,12411;216,641415421017;277,658818643629
15;33;35,466078042984;-27,1555;-47,12411;125,699884125944;79,7827662422987
15;33;40,4643332958221;-27,1555;-47,12411;156,691739402318;195,225733499953
15;33;45,4731864929199;-27,1555;-47,12411;155,062103901436;164,876387691873
15;33;50,4677813053131;-27,1555;-47,12411;231,836589767234;105,525556783072
15;33;55,4658915996552;-27,1555;-47,12411;283,766049638101;77,2542152275352
15;34;0,46686840057373;-27,1555;-47,12411;190,592734238897;207,43784722891
15;34;5,4683096408844;-27,1555;-47,12411;81,5685891859708;53,7515456336538
15;34;10,469929933548;-27,1555;-47,12411;157,654395135735;294,752942188442
15;34;15,4800341129303;-27,1555;-47,12411;2,73081088089573;213,011917352902
15;34;20,4693214893341;-27,1555;-47,12411;286,570955110339;191,738193980016
15;34;25,4720005989075;-27,1555;-47,12411;65,6384536393372;249,563794146528
15;34;30,4731175899506;-27,1555;-47,12411;84,2801297661483;137,7556027776
15;34;35,4699635505676;-27,1555;-47,12411;125,92749244858;43,2977735107932
15;34;40,4727962017059;-27,1555;-47,12411;64,4640258461875;93,3795700637772
15;34;45,4706959724426;-27,1555;-47,12411;191,34247704486;128,929195960523
15;34;50,4702336788177;-27,1555;-47,12411;188,972191552225;115,414041907817
15;34;55,4717948436737;-27,1555;-47,12411;96,2940736055199;270,56791684067
15;35;0,476965665817261;-27,1555;-47,12411;62,9984299378529;208,05456582407
15;35;5,50775551795959;-27,1555;-47,12411;221,311887039648;232,627077132174
15;35;10,4900140762329;-27,1555;-47,12411;94,7182823669444;67,1768461617256
15;35;15,4747500419617;-27,1555;-47,12411;107,120802929691;26,9935730345161
15;35;20,4779555797577;-27,1555;-47,12411;267,073433805287;203,42728721207
15;35;25,4800989627838;-27,1555;-47,12411;24,3952513340986;252,676136411791
15;35;30,4823460578918;-27,1555;-47,12411;157,485917887636;17,1901903279309
15;35;35,4772400856018;-27,1555;-47,12411;267,456179125064;227,891565155433
15;35;40,4758121967316;-27,1555;-47,12411;111,920794276468;116,643690363116
15;35;45,4847037792206;-27,1555;-47,12411;293,713319420296;115,10216423615
15;35;50,4909098148346;-27,1555;-47,12411;150,382828025676;197,542174833168
15;35;55,4797556400299;-27,1555;-47,12411;127,709433142172;175,17954076581
15;36;0,482987642288208;-27,1555;-47,12411;41,4258110887727;79,6605076777431
15;36;5,48256611824036;-27,1555;-47,12411;221,8986044562;25,9599017658351
15;36;10,4824235439301;-27,1555;-47,12411;28,5400442331221;81,298171539409
15;36;15,4851267337799;-27,1555;-47,12411;288,581490420888;85,0149918763311
15;36;20,4853188991547;-27,1555;-47,12411;262,293057440872;213,770940836537
15;36;25,485659122467;-27,1555;-47,12411;283,905406670851;240,940199428966
15;36;30,4897656440735;-27,1555;-47,12411;170,714113172196;230,318581946277
15;36;35,5336236953735;-27,1555;-47,12411;295,838025198658;250,924678109313
15;36;40,4885671138763;-27,1555;-47,12411;172,237979803159;179,288206643848
15;36;45,4970371723175;-27,1555;-47,12411;158,868878524552;264,461796081832
15;36;50,4887886047363;-27,1555;-47,12411;159,832118614144;146,687807504917
15;36;55,4901614189148;-27,1555;-47,12411;196,049537716254;142,235935035289
15;37;0,493633985519409;-27,1555;-47,12411;25,0399577507029;72,8693208311438
15;37;5,49297785758972;-27,1555;-47,12411;71,1297439104231;261,127047011207
15;37;10,4947507381439;-27,1555;-47,12411;203,821124240001;133,581350060104
15;37;15,4961137771606;-27,1555;-47,12411;196,465266498987;153,817735719509
15;37;20,5015578269958;-27,1555;-47,12411;95,0060296275101;260,354492975364
15;37;25,4954431056976;-27,1555;-47,12411;11,8989280688696;7,96492065479868
15;37;30,5041487216949;-27,1555;-47,12411;157,774355996323;86,7112197570786
15;37;35,4962923526764;-27,1555;-47,12411;82,1398393184045;73,9893282673995
15;37;40,5042719841003;-27,1555;-47,12411;200,618414309262;223,363552293297
15;37;45,5131814479828;-27,1555;-47,12411;145,582510077778;59,8184565356674
15;37;50,5055117607117;-27,1555;-47,12411;195,124448513311;231,298437643585
15;37;55,5008451938629;-27,1555;-47,12411;297,9721125973;131,599807912462
15;38;0,503111124038696;-27,1555;-47,12411;202,367757066518;190,512904361923
15;38;5,50264286994934;-27,1555;-47,12411;120,680454862459;41,6372754064648
15;38;10,503556728363;-27,1555;-47,12411;126,323075965186;151,78487593634
15;38;15,5115168094635;-27,1555;-47,12411;253,701121884119;298,360451197176
15;38;20,5047569274902;-27,1555;-47,12411;250,982977929765;212,641375749484
15;38;25,5087742805481;-27,1555;-47,12411;204,003257840582;88,9197826948073
15;38;30,5112254619598;-27,1555;-47,12411;281,272263593274;280,579994291914
15;38;35,5054745674133;-27,1555;-47,12411;7,31867904916408;32,8050953075495
15;38;40,508287191391;-27,1555;-47,12411;259,152219702862;133,343531437664
15;38;45,5186910629272;-27,1555;-47,12411;130,827224573057;246,371821506992
15;38;50,5081901550293;-27,1555;-47,12411;99,1704866525768;113,785802670986
15;38;55,5073616504669;-27,1555;-47,12411;273,064955332235;296,195901223154
15;39;0,50996208190918;-27,1555;-47,12411;207,79933481528;214,315928089493
15;39;5,50873327255249;-27,1555;-47,12411;116,588828035099;275,399242136082
15;39;10,5082852840424;-27,1555;-47,12411;106,280350004636;102,76535705745
15;39;15,5188701152802;-27,1555;-47,12411;115,558220950402;94,5720145594849
15;39;20,7285952568054;-27,1555;-47,12411;78,4403683636342;94,0857907627629
15;39;25,5106155872345;-27,1555;-47,12411;100,228639273588;204,662388899841
15;39;30,5141487121582;-27,1555;-47,12411;275,69706177753;256,835843536248
15;39;35,5127940177917;-27,1555;-47,12411;96,3743258565343;88,2962788924769
15;39;40,5100846290588;-27,1555;-47,12411;118,232853687982;271,265771342444
15;39;45,5124180316925;-27,1555;-47,12411;166,730651475168;97,5278528355084
15;39;50,513664484024;-27,1555;-47,12411;221,716953257514;99,8130974885551
15;39;55,5129072666168;-27,1555;-47,12411;184,744256975549;290,118176573214
15;40;0,523000478744507;-27,1555;-47,12411;13,6849739361397;273,348494292857
15;40;5,51479172706604;-27,1555;-47,12411;84,7431951348068;239,293978240706
15;40;10,5134551525116;-27,1555;-47,12411;43,6969583763416;108,262468746485
15;40;15,5312600135803;-27,1555;-47,12411;77,9162590173172;7,53996059248678
15;40;20,5176310539246;-27,1555;-47,12411;299,947215601551;253,582500006487
15;40;25,5118961334229;-27,1555;-47,12411;47,1343194186164;8,10391849439813
15;40;30,5150270462036;-27,1555;-47,12411;193,797856844435;234,635668231866
15;40;35,5147445201874;-27,1555;-47,12411;80,6712920327504;75,4617265318299
15;40;40,518372297287;-27,1555;-47,12411;296,252785440791;45,5842759927598
15;40;45,7145984172821;-27,1555;-47,12411;60,9315088058517;105,190007434154
15;40;50,5159056186676;-27,1555;-47,12411;103,342307308781;244,381161172133
15;40;55,5218892097473;-27,1555;-47,12411;139,055385908013;51,7081867952599
15;41;0,618166208267212;-27,1555;-47,12411;89,5563805127264;236,729608469101
15;41;5,51733493804932;-27,1555;-47,12411;259,422765907463;188,738378104185
15;41;10,5178849697113;-27,1555;-47,12411;191,250559918089;0,735732116275423
15;41;15,5176286697388;-27,1555;-47,12411;5,48847690276266;160,241173330184
15;41;20,5184035301208;-27,1555;-47,12411;207,901095556075;208,050485311149
15;41;25,5204145908356;-27,1555;-47,12411;263,949728880709;15,466936312277
15;41;30,5205490589142;-27,1555;-47,12411;159,718808355392;46,5378826807665
15;41;35,5229640007019;-27,1555;-47,12411;96,7764674750765;191,724097217536
15;41;40,5217871665955;-27,1555;-47,12411;51,0334462881511;157,738035930869
15;41;45,5463035106659;-27,1555;-47,12411;55,7850494125226;281,135811480406
15;41;50,5232157707214;-27,1555;-47,12411;144,460524152379;267,591028417054
15;41;55,5236341953278;-27,1555;-47,12411;291,216579021545;75,8826092639651
15;42;0,531092643737793;-27,1555;-47,12411;133,548861404242;200,63283487326
15;42;5,52824306488037;-27,1555;-47,12411;147,67185414553;47,5389114286041
15;42;10,820422410965;-27,1555;-47,12411;181,686576186752;19,5444726448891
15;42;15,5272426605225;-27,1555;-47,12411;150,03277009039;28,4555968732985
15;42;20,5248565673828;-27,1555;-47,12411;280,934091647879;137,113334670893
15;42;25,5251293182373;-27,1555;-47,12411;266,919288061281;209,016989754416
15;42;30,5822558403015;-27,1555;-47,12411;93,0308703781294;184,575564371215
15;42;35,5257096290588;-27,1555;-47,12411;69,7965422250972;95,5928225490614
15;42;40,527895450592;-27,1555;-47,12411;29,2850939821027;26,4383547033176
15;42;45,5270583629608;-27,1555;-47,12411;239,472320793492;114,143639898296
15;42;50,5275120735168;-27,1555;-47,12411;154,16271234361;202,877076849486
15;42;55,5287866592407;-27,1555;-47,12411;173,497517134943;154,772947927269
15;43;0,541891813278198;-27,1555;-47,12411;124,05877278044;269,509070985657
15;43;5,53009438514709;-27,1555;-47,12411;188,652065139075;197,822260225627
15;43;10,5301492214203;-27,1555;-47,12411;13,5233275229328;23,99463250333
15;43;15,5370995998383;-27,1555;-47,12411;184,776053363794;115,873223414687
15;43;20,5320553779602;-27,1555;-47,12411;227,791288165854;112,33783570968
15;43;25,5310797691345;-27,1555;-47,12411;102,626396490938;254,979503426184
15;43;30,5429863929749;-27,1555;-47,12411;286,613490541236;26,4389432173762
15;43;35,5330832004547;-27,1555;-47,12411;115,052677437952;238,895996283485
15;43;40,5325067043304;-27,1555;-47,12411;231,407304688357;67,0416554811269
15;43;45,5472633838654;-27,1555;-47,12411;116,999861722497;132,492210218921
15;43;50,5351097583771;-27,1555;-47,12411;172,930839952682;156,207941310674
15;43;55,5339107513428;-27,1555;-47,12411;77,1429097262804;281,449194226904
15;44;0,539094686508179;-27,1555;-47,12411;140,959599708109;241,065757285406
15;44;5,53687238693237;-27,1555;-47,12411;201,08808796035;179,969581831485
15;44;10,5360877513885;-27,1555;-47,12411;189,213292607104;94,1609353813841
15;44;15,560173034668;-27,1555;-47,12411;223,924057744053;198,146434277005
15;44;20,5373525619507;-27,1555;-47,12411;159,469643231351;69,3884567134583
15;44;25,5424122810364;-27,1555;-47,12411;59,8375972069964;146,675686561207
15;44;30,5553653240204;-27,1555;-47,12411;105,324795832011;4,43635172416934
15;44;35,5379874706268;-27,1555;-47,12411;83,8099421654491;221,597866867896
15;44;40,5387842655182;-27,1555;-47,12411;228,582724843641;44,4186967736787
15;44;45,5516319274902;-27,1555;-47,12411;164,295905400212;93,401194888131
15;44;50,5410394668579;-27,1555;-47,12411;196,932414085935;118,563339551333
15;44;55,5421061515808;-27,1555;-47,12411;287,722147505692;143,723029675689
15;45;0,565001249313354;-27,1555;-47,12411;289,196666150224;288,14872077051
15;45;5,54247832298279;-27,1555;-47,12411;204,164847867054;35,2649398450588
15;45;10,5423493385315;-27,1555;-47,12411;222,30554833637;275,725285892165
15;45;15,5399096012115;-27,1555;-47,12411;74,6024196611118;205,96090585417
15;45;20,5423445701599;-27,1555;-47,12411;189,87515845216;103,553479480782
15;45;25,5433704853058;-27,1555;-47,12411;19,0330104879361;262,103916436489
15;45;30,5435609817505;-27,1555;-47,12411;264,942427827348;174,102129119587
15;45;35,5452749729156;-27,1555;-47,12411;69,4686370894537;257,082329557125
15;45;40,545821428299;-27,1555;-47,12411;240,600688201157;64,7147947311977
15;45;45,5477592945099;-27,1555;-47,12411;146,834413773385;275,951431407198
15;45;50,5475382804871;-27,1555;-47,12411;269,131556231339;152,852995973842
15;45;55,5483658313751;-27,1555;-47,12411;32,3901989503531;162,442607349911
15;46;0,567075729370117;-27,1555;-47,12411;152,35753423805;196,481099335899
15;46;5,5499951839447;-27,1555;-47,12411;80,6921372633058;102,824495085264
15;46;10,5530390739441;-27,1555;-47,12411;230,573085303817;278,287437892144
15;46;15,5513961315155;-27,1555;-47,12411;15,2708065468757;9,80173656950065
15;46;20,5542647838593;-27,1555;-47,12411;31,8372286804814;19,5965452271746
15;46;25,5520820617676;-27,1555;-47,12411;188,549424064042;169,213839680718
15;46;30,5645577907562;-27,1555;-47,12411;268,310723513033;34,6241535388485
15;46;35,5764715671539;-27,1555;-47,12411;221,904710335523;128,266232475643
15;46;40,5533261299133;-27,1555;-47,12411;129,547012423921;169,247261956126
15;46;45,5528464317322;-27,1555;-47,12411;98,344966379446;224,909471034751
15;46;50,5545034408569;-27,1555;-47,12411;143,318228283837;292,709893899032
15;46;55,5578825473785;-27,1555;-47,12411;77,9965152471493;21,372541794072
15;47;0,584983825683594;-27,1555;-47,12411;116,96587553942;270,914024931241
15;47;5,55673766136169;-27,1555;-47,12411;114,912491803238;127,2917807375
15;47;10,5582437515259;-27,1555;-47,12411;88,6983371856734;255,249363050623
15;47;15,5569241046906;-27,1555;-47,12411;161,720967577588;65,7334508574868
15;47;20,5590691566467;-27,1555;-47,12411;238,702839431229;61,4654467212564
15;47;25,5598893165588;-27,1555;-47,12411;35,5595980619183;256,779567129638
15;47;30,5595138072968;-27,1555;-47,12411;10,3283642582874;94,4506073222176
15;47;35,7172825336456;-27,1555;-47,12411;291,871836544183;253,662181568543
15;47;40,5626604557037;-27,1555;-47,12411;110,699678019857;208,247454710145
15;47;45,5718152523041;-27,1555;-47,12411;187,671483917118;230,119687117066
15;47;50,5614728927612;-27,1555;-47,12411;287,63797373817;221,848570370281
15;47;55,6010925769806;-27,1555;-47,12411;206,610927900287;296,313971662317
15;48;0,564487934112549;-27,1555;-47,12411;8,48759242448678;137,204220288696
15;48;5,56687903404236;-27,1555;-47,12411;177,154352505902;267,929746031504
15;48;10,5703272819519;-27,1555;-47,12411;163,909550312484;25,2898008090683
15;48;15,5673072338104;-27,1555;-47,12411;156,687618819876;197,721395131746
15;48;20,5658061504364;-27,1555;-47,12411;127,28995744732;2,10339345101436
15;48;25,5703678131104;-27,1555;-47,12411;172,640991771579;117,035740618278
15;48;30,5719196796417;-27,1555;-47,12411;4,20456866098167;28,2950102784574
15;48;35,5815713405609;-27,1555;-47,12411;260,568442853578;54,7780876305504
15;48;40,5718445777893;-27,1555;-47,12411;177,262156749749;16,685403537969
15;48;45,5699648857117;-27,1555;-47,12411;154,679705334911;38,6814100835184
15;48;50,570611000061;-27,1555;-47,12411;83,1759986480677;21,5093253706985
15;48;55,5700557231903;-27,1555;-47,12411;214,730061158286;20,1263733457849
15;49;0,569865226745605;-27,1555;-47,12411;191,030144779211;60,8339313393799
15;49;5,57198619842529;-27,1555;-47,12411;45,3256742532154;17,7035783489846
15;49;10,5697867870331;-27,1555;-47,12411;125,24649847042;147,161176312096
15;49;15,571469783783;-27,1555;-47,12411;213,172924066228;137,439558527677
15;49;20,5777971744537;-27,1555;-47,12411;132,334730964053;238,556112473172
15;49;25,5718672275543;-27,1555;-47,12411;206,400416604953;276,896470100234
15;49;30,571460723877;-27,1555;-47,12411;81,9820818753957;88,859318321227
15;49;35,5736298561096;-27,1555;-47,12411;223,577508756204;146,781090758827
15;49;40,5723650455475;-27,1555;-47,12411;249,691772218941;51,4223267581148
15;49;45,574031829834;-27,1555;-47,12411;174,317720816025;294,344573332716
15;49;50,5730819702148;-27,1555;-47,12411;100,945297938487;213,987259461847
15;49;55,5773916244507;-27,1555;-47,12411;284,763487165646;223,831313440105
15;50;0,574390649795532;-27,1555;-47,12411;209,553029348491;188,026190001721
15;50;5,57638144493103;-27,1555;-47,12411;86,5254973753593;27,0119794692727
15;50;10,6274116039276;-27,1555;-47,12411;165,335096312178;95,1745311901954
15;50;15,5945193767548;-27,1555;-47,12411;249,996719899507;190,256814913666
15;50;20,5786559581757;-27,1555;-47,12411;204,186423032881;10,1988169497148
15;50;25,5756945610046;-27,1555;-47,12411;22,9370801730973;254,953399969589
15;50;30,5917840003967;-27,1555;-47,12411;181,201248283405;16,1426893519899
15;50;35,5771310329437;-27,1555;-47,12411;282,133497165932;38,0523840508149
15;50;40,5780532360077;-27,1555;-47,12411;222,235374915097;243,39406143795
15;50;45,5773873329163;-27,1555;-47,12411;6,68167535612596;23,7893688151047
15;50;50,5796585083008;-27,1555;-47,12411;72,5268951992911;197,443183455145
15;50;55,5795590877533;-27,1555;-47,12411;288,88356245349;144,715760355141
15;51;0,579243659973145;-27,1555;-47,12411;297,075279838627;217,478127276495
15;51;5,57817602157593;-27,1555;-47,12411;119,483471311796;146,09555997576
15;51;10,5806396007538;-27,1555;-47,12411;44,1806446813041;55,9776601584064
15;51;15,5802268981934;-27,1555;-47,12411;266,513788778914;249,219946925656
15;51;20,5945882797241;-27,1555;-47,12411;190,450959016073;74,7574246951375
15;51;25,5838344097137;-27,1555;-47,12411;242,735965300435;225,285496847053
15;51;30,5844161510468;-27,1555;-47,12411;259,700105241762;277,517668803374
15;51;35,5823075771332;-27,1555;-47,12411;91,2049727726278;146,100794911621
15;51;40,5838680267334;-27,1555;-47,12411;263,743562935102;236,941222058431
15;51;45,5818798542023;-27,1555;-47,12411;249,876995346585;290,960664401879
15;51;50,5856907367706;-27,1555;-47,12411;175,485043607027;34,30605445399
15;51;55,5841362476349;-27,1555;-47,12411;282,41911396014;270,3619389466
15;52;0,582133531570435;-27,1555;-47,12411;82,363374369808;143,746321877449
15;52;5,58401918411255;-27,1555;-47,12411;236,666537519189;192,744935151232
15;52;10,5855340957642;-27,1555;-47,12411;256,992254056261;283,645539735099
15;52;15,5855283737183;-27,1555;-47,12411;87,7485144659849;173,333568347989
15;52;20,5857129096985;-27,1555;-47,12411;270,46066494009;228,700796302762
15;52;25,5859422683716;-27,1555;-47,12411;279,798157996568;51,7489170820262
15;52;30,5863552093506;-27,1555;-47,12411;260,02910440754;277,10821395092
15;52;35,5867838859558;-27,1555;-47,12411;6,37273361902957;113,833679166399
15;52;40,5859198570251;-27,1555;-47,12411;271,177274280611;274,2155289613
15;52;45,5880136489868;-27,1555;-47,12411;52,9508514924792;81,0960767520647
15;52;50,6584746837616;-27,1555;-47,12411;239,438965010506;187,653118185074
15;52;55,5906734466553;-27,1555;-47,12411;98,7748808382219;96,1080383808644
15;53;0,588134288787842;-27,1555;-47,12411;284,519665394841;159,376117403847
15;53;5,59340453147888;-27,1555;-47,12411;291,284626028819;107,092197514739
15;53;10,5927715301514;-27,1555;-47,12411;103,416756520261;249,795889533502
15;53;15,593968629837;-27,1555;-47,12411;143,695452745791;35,7775522877551
15;53;20,5883853435516;-27,1555;-47,12411;34,3160208799987;150,875270706641
15;53;25,5927298069;-27,1555;-47,12411;229,649975652165;288,508531200521
15;53;30,5970582962036;-27,1555;-47,12411;139,727987918092;237,803515263393
15;53;35,5892157554626;-27,1555;-47,12411;158,295598949356;86,1274990715046
15;53;40,5904726982117;-27,1555;-47,12411;183,091115477949;26,0336601939072
15;53;45,595410823822;-27,1555;-47,12411;77,7454937701241;132,791824250132
15;53;50,6055126190186;-27,1555;-47,12411;193,689952633917;154,664161807801
15;53;55,6058042049408;-27,1555;-47,12411;66,4731942595428;230,586584197485
15;54;0,600505828857422;-27,1555;-47,12411;14,7245265438009;7,65328051530736
15;54;5,7038152217865;-27,1555;-47,12411;52,2155711901538;30,6560918859267
15;54;10,5990860462189;-27,1555;-47,12411;240,806088091138;216,891390239817
15;54;15,5974020957947;-27,1555;-47,12411;102,737732233902;83,1907928275329
15;54;20,5999653339386;-27,1555;-47,12411;252,024061042042;39,3121722432667
15;54;25,5982360839844;-27,1555;-47,12411;253,061494656288;84,3913671017129
15;54;30,5989496707916;-27,1555;-47,12411;222,438912087214;81,519427927112
15;54;35,6000785827637;-27,1555;-47,12411;272,655698266896;214,760527484408
15;54;40,6012811660767;-27,1555;-47,12411;249,909862472153;63,3426464563148
15;54;45,6986615657806;-27,1555;-47,12411;155,123604274631;171,348540609462
15;54;50,6003971099854;-27,1555;-47,12411;19,6782141261472;195,90679375832
15;54;55,6043927669525;-27,1555;-47,12411;138,68038298288;96,188636803343
15;55;0,61895227432251;-27,1555;-47,12411;192,199490114809;18,3257835115193
15;55;5,60167646408081;-27,1555;-47,12411;229,747396955973;62,2317840662704
15;55;10,6065812110901;-27,1555;-47,12411;223,020192595168;0,195878625247303
15;55;15,6044578552246;-27,1555;-47,12411;30,5828662939042;123,906572700032
15;55;20,6380259990692;-27,1555;-47,12411;220,068770053882;47,7355671234997
15;55;25,6051037311554;-27,1555;-47,12411;106,426544419576;95,3405527477234
15;55;30,6063804626465;-27,1555;-47,12411;47,8708593872561;274,691273144085
15;55;35,6032319068909;-27,1555;-47,12411;186,25024020042;247,154705820484
15;55;40,6083927154541;-27,1555;-47,12411;31,5707393256675;22,1818073199664
15;55;45,6130142211914;-27,1555;-47,12411;108,355743706196;290,696811865577
15;55;50,6060738563538;-27,1555;-47,12411;223,070981295842;298,26016933729
15;55;55,6070861816406;-27,1555;-47,12411;210,904456992329;183,665862859918
15;56;0,609549283981323;-27,1555;-47,12411;86,6823848729137;24,1762610131852
15;56;5,60706758499146;-27,1555;-47,12411;11,7722078385525;220,770816003183
15;56;10,6350538730621;-27,1555;-47,12411;111,81960487718;67,5109922739652
15;56;15,6170742511749;-27,1555;-47,12411;70,5046948169656;150,763893850867
15;56;20,6132431030273;-27,1555;-47,12411;214,374936859645;247,04745465916
15;56;25,6144170761108;-27,1555;-47,12411;39,6990097071394;4,00251869505754
15;56;30,6613085269928;-27,1555;-47,12411;129,874338280402;236,959317719442
15;56;35,6119902133942;-27,1555;-47,12411;230,463497389081;16,4504705222074
15;56;40,6120185852051;-27,1555;-47,12411;251,790601259674;118,019533254647
15;56;45,611248254776;-27,1555;-47,12411;160,921205588242;55,0234248738023
15;56;50,7119698524475;-27,1555;-47,12411;262,136436273416;126,779132477464
15;56;55,6139297485352;-27,1555;-47,12411;46,5353328461084;216,566452698087
15;57;0,613586902618408;-27,1555;-47,12411;267,762789066775;251,972095206169
15;57;5,61595273017883;-27,1555;-47,12411;234,95008147741;187,06517300635
15;57;10,639363527298;-27,1555;-47,12411;146,622250626101;245,247670272972
15;57;15,6172552108765;-27,1555;-47,12411;85,6034524796244;19,1703802866752
15;57;20,6362426280975;-27,1555;-47,12411;9,28576878653111;60,6433962257253
15;57;25,6187698841095;-27,1555;-47,12411;237,049736876687;216,05548097605
15;57;30,6206798553467;-27,1555;-47,12411;91,3630069217582;204,38374674847
15;57;35,6236290931702;-27,1555;-47,12411;144,540148808119;85,8911962545182
15;57;40,6321694850922;-27,1555;-47,12411;143,824619360294;13,190758845699
15;57;45,6229937076569;-27,1555;-47,12411;118,134597449508;118,165669315976
15;57;50,6238281726837;-27,1555;-47,12411;0,996903618333089;223,172327735405
15;57;55,67808842659;-27,1555;-47,12411;181,497744860433;286,69451645839
15;58;0,626871585845947;-27,1555;-47,12411;134,036219456686;196,635162098358
15;58;5,62966108322144;-27,1555;-47,12411;78,8647489650167;1,6147254724002
15;58;10,6282947063446;-27,1555;-47,12411;148,266831427102;4,01654776380065
15;58;15,6295804977417;-27,1555;-47,12411;116,093009456148;235,924010919858
15;58;20,635461807251;-27,1555;-47,12411;37,2343058493492;99,2770337843614
15;58;25,6345157623291;-27,1555;-47,12411;170,275618807169;128,440497897403
15;58;30,6333146095276;-27,1555;-47,12411;64,1690378007515;290,918958814158
15;58;35,6337194442749;-27,1555;-47,12411;131,968658140307;184,860580499953
15;58;40,6370687484741;-27,1555;-47,12411;173,523659473601;164,278583544956
15;58;45,6411557197571;-27,1555;-47,12411;269,360864821151;66,6541210689003
15;58;50,6392469406128;-27,1555;-47,12411;43,4914748333264;35,1092016390996
15;58;55,6366369724274;-27,1555;-47,12411;24,0576301175459;201,0103499004
15;59;0,638857364654541;-27,1555;-47,12411;281,198438000653;254,858430640924
15;59;5,64000272750854;-27,1555;-47,12411;52,6106874090554;126,505900183227
15;59;10,6407067775726;-27,1555;-47,12411;204,463921954918;276,059024990349
15;59;15,6435563564301;-27,1555;-47,12411;232,666585006881;76,5394056144425
15;59;20,6417670249939;-27,1555;-47,12411;211,34681832258;241,283197834565
15;59;25,6586263179779;-27,1555;-47,12411;166,641583931886;105,736902255658
15;59;30,6445686817169;-27,1555;-47,12411;181,762895251678;138,914069855589
15;59;35,6453907489777;-27,1555;-47,12411;17,4456528982085;25,7260437262669
15;59;40,646324634552;-27,1555;-47,12411;159,507575081955;194,843107854582
15;59;45,6471457481384;-27,1555;-47,12411;182,49626370229;125,656661376008
15;59;50,6481206417084;-27,1555;-47,12411;83,1549932939667;95,3023899503626
15;59;55,6510362625122;-27,1555;-47,12411;80,0023005717322;176,664928188078
16;0;0,662919759750366;-27,1555;-47,12411;165,745558024357;262,841069762671
16;0;5,6510853767395;-27,1555;-47,12411;273,606665181369;176,807582885539
16;0;10,6540756225586;-27,1555;-47,12411;85,8821951150392;216,179094030961
16;0;15,6520421504974;-27,1555;-47,12411;283,666779988326;161,055380994429
16;0;20,6563148498535;-27,1555;-47,12411;46,5058141676446;180,33014121552
16;0;25,6937847137451;-27,1555;-47,12411;270,441459951883;183,559902562513
16;0;30,6556696891785;-27,1555;-47,12411;81,7587426961468;47,8131597072214
16;0;35,734041929245;-27,1555;-47,12411;148,966107389513;69,3626505048612
16;0;40,6585228443146;-27,1555;-47,12411;258,796151771732;296,542374798946
16;0;45,7147986888885;-27,1555;-47,12411;55,1046485183531;271,378806626275
16;0;50,6800441741943;-27,1555;-47,12411;237,601689174318;188,835335939415
16;0;55,6727168560028;-27,1555;-47,12411;257,588080877077;51,4774997596946
16;1;0,669079303741455;-27,1555;-47,12411;195,173176029135;240,917654760206
16;1;5,66305208206177;-27,1555;-47,12411;109,0683439987;72,4554980905498
16;1;10,666543006897;-27,1555;-47,12411;97,3805736054669;48,0444962811013
16;1;15,6643948554993;-27,1555;-47,12411;44,7472870668907;247,665518181347
16;1;20,6665215492249;-27,1555;-47,12411;152,451621832647;17,2857641884529
16;1;25,6663358211517;-27,1555;-47,12411;221,910923329842;274,87744291942
16;1;30,668445110321;-27,1555;-47,12411;252,372280925726;261,382175360859
16;1;35,6880624294281;-27,1555;-47,12411;211,508917521673;158,43770833453
16;1;40,673187494278;-27,1555;-47,12411;157,245744706129;158,65223835934
16;1;45,6694157123566;-27,1555;-47,12411;248,953387096899;71,9337468665921
16;1;50,6693961620331;-27,1555;-47,12411;231,562738963238;213,934780137401
16;1;55,6718549728394;-27,1555;-47,12411;231,299007021978;22,71575852131
16;2;0,671384334564209;-27,1555;-47,12411;92,2078364383404;121,711745211877
16;2;5,67153906822205;-27,1555;-47,12411;231,850838982755;256,061608612258
16;2;10,6827254295349;-27,1555;-47,12411;166,51632276881;257,278092613235
16;2;15,681435585022;-27,1555;-47,12411;131,531111203313;297,609763802855
16;2;20,6762053966522;-27,1555;-47,12411;211,390168716811;34,5921014040386
16;2;25,6749682426453;-27,1555;-47,12411;112,227840811459;130,003870775331
16;2;30,6751062870026;-27,1555;-47,12411;210,286707636428;44,9392850087804
16;2;35,6769406795502;-27,1555;-47,12411;246,688775838213;203,78518637276
16;2;40,6768391132355;-27,1555;-47,12411;278,310431317916;117,633063998324
16;2;45,6802408695221;-27,1555;-47,12411;283,173882959117;72,9647907717767
16;2;50,6811485290527;-27,1555;-47,12411;23,5515798591428;177,042621265417
16;2;55,6908755302429;-27,1555;-47,12411;153,392787153532;228,858210735931
16;3;0,716176986694336;-27,1555;-47,12411;14,194257453244;195,662012700675
16;3;5,68637919425964;-27,1555;-47,12411;219,801352625129;7,21418933856566
16;3;10,6995270252228;-27,1555;-47,12411;152,945878085188;38,1565431224734
16;3;15,6849279403687;-27,1555;-47,12411;132,730562577796;208,149909606694
16;3;20,6855480670929;-27,1555;-47,12411;38,7380041199691;223,717994703889
16;3;25,6873950958252;-27,1555;-47,12411;233,348923053472;91,5760559673289
16;3;30,6890382766724;-27,1555;-47,12411;66,4243938813309;260,160294401662
16;3;35,7133777141571;-27,1555;-47,12411;181,751577186605;165,680385524692
16;3;40,6878283023834;-27,1555;-47,12411;66,9202961183709;160,384481984791
16;3;45,6898503303528;-27,1555;-47,12411;293,651657856449;207,216459583478
16;3;50,6913163661957;-27,1555;-47,12411;252,789321368037;177,221194092935
16;3;55,6956377029419;-27,1555;-47,12411;201,371046940538;268,085009025402
16;4;0,698053121566772;-27,1555;-47,12411;102,621749400616;292,693091148362
16;4;5,69208002090454;-27,1555;-47,12411;39,7963865445706;81,2952606845268
16;4;10,6945824623108;-27,1555;-47,12411;68,4815330820124;108,914279534887
16;4;15,6945340633392;-27,1555;-47,12411;0,0988373785454799;287,152437296719
16;4;20,6962788105011;-27,1555;-47,12411;54,7307345508957;165,805279243799
16;4;25,6996629238129;-27,1555;-47,12411;230,963699674626;281,148051286214
16;4;30,7021448612213;-27,1555;-47,12411;199,049538797994;139,607532818894
16;4;35,701810836792;-27,1555;-47,12411;205,331431915814;120,196909106871
16;4;40,6994798183441;-27,1555;-47,12411;218,702358307134;267,461992165259
16;4;45,7004454135895;-27,1555;-47,12411;265,520025443254;110,819449738531
16;4;50,7054905891418;-27,1555;-47,12411;70,463982895566;41,1981702052321
16;4;55,7050845623016;-27,1555;-47,12411;268,246077600833;113,978492494772
16;5;0,703160762786865;-27,1555;-47,12411;248,750818486291;195,553604034734
16;5;5,70415806770325;-27,1555;-47,12411;294,803598254626;241,248697604791
16;5;10,7058894634247;-27,1555;-47,12411;121,584407175232;204,822754988254
16;5;15,7074236869812;-27,1555;-47,12411;182,183100430666;298,474131674019
16;5;20,7085795402527;-27,1555;-47,12411;263,894238004708;63,8057825981304
16;5;25,7100999355316;-27,1555;-47,12411;289,428861000534;91,4965598539783
16;5;30,7481775283813;-27,1555;-47,12411;151,584611188762;4,73895289546706
16;5;35,7099838256836;-27,1555;-47,12411;197,198514957068;269,866292717895
16;5;40,711480140686;-27,1555;-47,12411;95,5224328600173;224,691852571707
16;5;45,7119581699371;-27,1555;-47,12411;122,638436795129;113,958193050343
16;5;50,7124333381653;-27,1555;-47,12411;230,128113308083;241,721175076
16;5;55,7140073776245;-27,1555;-47,12411;94,0300688338569;77,2942098261027
16;6;0,717686653137207;-27,1555;-47,12411;269,747487160683;281,737801373738
16;6;5,71301102638245;-27,1555;-47,12411;79,5293203988196;218,250279526377
16;6;10,7283041477203;-27,1555;-47,12411;181,602760031949;60,0195051071431
16;6;15,7163479328156;-27,1555;-47,12411;36,8770911570078;44,6282187942688
16;6;20,7188103199005;-27,1555;-47,12411;196,976798726127;138,165540772127
16;6;25,7216148376465;-27,1555;-47,12411;268,991726526075;210,242723175133
16;6;30,7226107120514;-27,1555;-47,12411;12,2553002141194;249,413208492721
16;6;35,7228560447693;-27,1555;-47,12411;260,317262646006;140,914040054141
16;6;40,7218787670135;-27,1555;-47,12411;20,5216076068441;250,274963885512
16;6;45,7236497402191;-27,1555;-47,12411;278,998267747681;160,342275647054
16;6;50,7287819385529;-27,1555;-47,12411;297,559297537069;176,190557016638
16;6;55,7242207527161;-27,1555;-47,12411;146,629243460551;232,426961956953
16;7;0,762014627456665;-27,1555;-47,12411;118,92515094834;172,534451335069
16;7;5,73429441452026;-27,1555;-47,12411;120,331530881097;102,941079995029
16;7;10,7279939651489;-27,1555;-47,12411;120,861976653728;17,6042129461174
16;7;15,7311320304871;-27,1555;-47,12411;38,0607845765073;3,95994051378448
16;7;20,7413694858551;-27,1555;-47,12411;95,2881514284673;35,0802203844881
16;7;25,7320849895477;-27,1555;-47,12411;79,8863260426953;30,1095885246386
16;7;30,730560541153;-27,1555;-47,12411;54,7678838986282;176,644806675255
16;7;35,7352292537689;-27,1555;-47,12411;86,0515766677719;72,6222848761203
16;7;40,7346467971802;-27,1555;-47,12411;299,464080727716;149,047196997745
16;7;45,7333018779755;-27,1555;-47,12411;93,9653695003836;59,1194947157696
16;7;50,73970246315;-27,1555;-47,12411;56,0734547279699;208,775375211299
16;7;55,7382066249847;-27,1555;-47,12411;0,759051940575817;245,453340657948
16;8;0,735465526580811;-27,1555;-47,12411;28,5779337205111;39,7101973544303
16;8;5,74465656280518;-27,1555;-47,12411;219,112707197862;44,834004283405
16;8;10,7762804031372;-27,1555;-47,12411;31,6217954902955;137,232282669361
16;8;15,7404088973999;-27,1555;-47,12411;124,776500454121;155,84362584442
16;8;20,740686416626;-27,1555;-47,12411;68,8603946474378;195,687615705498
16;8;25,7407612800598;-27,1555;-47,12411;214,19640460029;136,234864132559
16;8;30,7421875;-27,1555;-47,12411;174,215473282505;214,950062754084
16;8;35,7493379116058;-27,1555;-47,12411;287,631411995054;272,237844761427
16;8;40,7461502552032;-27,1555;-47,12411;181,842602691769;34,9738539033075
16;8;45,8448107242584;-27,1555;-47,12411;165,239970788875;129,268409090439
16;8;50,7639491558075;-27,1555;-47,12411;65,022751133259;157,152512225513
16;8;55,753692150116;-27,1555;-47,12411;191,046741621075;13,9521645699904
16;9;0,748463869094849;-27,1555;-47,12411;196,999901923882;1,01436505551906
16;9;5,75011253356934;-27,1555;-47,12411;49,3348137669324;231,459520657058
16;9;10,7493648529053;-27,1555;-47,12411;4,91919189814189;188,228280220005
16;9;15,748318195343;-27,1555;-47,12411;49,8170498738914;266,283971572351
16;9;20,7502110004425;-27,1555;-47,12411;84,1609204376654;76,2103691831593
16;9;25,8459715843201;-27,1555;-47,12411;245,669501756622;11,9926920551575
16;9;30,7522094249725;-27,1555;-47,12411;227,929026074894;221,824670442941
16;9;35,7573790550232;-27,1555;-47,12411;274,473645450869;214,539444871482
16;9;40,7561798095703;-27,1555;-47,12411;151,831205193395;111,128151655164
16;9;45,7810435295105;-27,1555;-47,12411;50,7294558790178;147,083672806987
16;9;50,7543609142303;-27,1555;-47,12411;23,7067152218399;236,307466921656
16;9;55,7627906799316;-27,1555;-47,12411;49,6664393965521;44,4403887058987
16;10;0,756302118301392;-27,1555;-47,12411;256,456223374213;37,7177642818782
16;10;5,77914047241211;-27,1555;-47,12411;15,7042019616236;289,391933237611
16;10;10,8023777008057;-27,1555;-47,12411;90,2175814385926;189,420454137041
16;10;15,7589550018311;-27,1555;-47,12411;82,4422811575193;265,59845807448
16;10;20,794082403183;-27,1555;-47,12411;17,5588804169028;220,327425401258
16;10;25,7973861694336;-27,1555;-47,12411;113,723589266822;3,27454468202235
16;10;30,7592606544495;-27,1555;-47,12411;152,709723362568;117,06350978767
16;10;35,7589120864868;-27,1555;-47,12411;166,292567785332;236,323911681545
16;10;40,760956287384;-27,1555;-47,12411;91,0368232247215;285,565507350129
16;10;45,767927646637;-27,1555;-47,12411;167,217320872374;36,3455540612041
16;10;50,7642483711243;-27,1555;-47,12411;57,1298612860762;214,748981211666
16;10;55,7634916305542;-27,1555;-47,12411;202,512465440135;11,1603894518156
16;11;0,766566038131714;-27,1555;-47,12411;55,5034995720945;183,209401333108
16;11;5,76650190353394;-27,1555;-47,12411;264,402207303078;205,515307247874
16;11;10,7844705581665;-27,1555;-47,12411;39,4993501616868;219,284116615164
16;11;15,7697830200195;-27,1555;-47,12411;231,080050248679;265,441099084443
16;11;20,7675197124481;-27,1555;-47,12411;71,9011152035503;112,68535227403
16;11;25,7684853076935;-27,1555;-47,12411;105,483410812762;283,029988091652
16;11;30,7907023429871;-27,1555;-47,12411;140,057820430855;287,998260440016
16;11;35,7836418151855;-27,1555;-47,12411;215,850403592497;100,517181916423
16;11;40,7817461490631;-27,1555;-47,12411;237,113762752269;216,20576275337
16;11;45,7703952789307;-27,1555;-47,12411;29,0041462260625;255,129445774539
16;11;50,7703011035919;-27,1555;-47,12411;296,178856852392;234,922583192403
16;11;55,8172750473022;-27,1555;-47,12411;210,429242786876;182,021035077726
16;12;0,77723503112793;-27,1555;-47,12411;223,208777625535;250,156873488667
16;12;5,7729504108429;-27,1555;-47,12411;295,63383490189;292,613103616953
16;12;10,7760081291199;-27,1555;-47,12411;88,7928490066609;218,514735143766
16;12;15,8166632652283;-27,1555;-47,12411;270,867929472359;251,972589953868
16;12;20,8166544437408;-27,1555;-47,12411;286,118415636125;37,0432966591794
16;12;25,8144357204437;-27,1555;-47,12411;29,1801838809301;238,738384246424
16;12;30,8256320953369;-27,1555;-47,12411;154,970682152605;272,906143449753
16;12;35,8147664070129;-27,1555;-47,12411;133,191324229205;294,293777204946
16;12;40,8156836032867;-27,1555;-47,12411;221,121576383528;175,266157865491
16;12;45,817325592041;-27,1555;-47,12411;106,814660263902;176,765534534188
16;12;50,844310760498;-27,1555;-47,12411;122,359996455545;297,035789763268
16;12;55,8184149265289;-27,1555;-47,12411;115,292761647617;132,651734827236
16;13;0,817273616790771;-27,1555;-47,12411;116,09032558226;208,115830039554
16;13;5,81761336326599;-27,1555;-47,12411;103,321294067204;47,7298098878679
16;13;10,8171892166138;-27,1555;-47,12411;33,1783060791751;195,39876170265
16;13;15,8167607784271;-27,1555;-47,12411;10,7882867987691;165,972677636465
16;13;20,8196578025818;-27,1555;-47,12411;19,1831017306001;24,0783916890726
16;13;25,8176879882812;-27,1555;-47,12411;171,2645162779;284,881758591998
16;13;30,8186011314392;-27,1555;-47,12411;263,782128028814;185,634612395094
16;13;35,8203167915344;-27,1555;-47,12411;248,282411123623;239,213812313869
16;13;40,8184008598328;-27,1555;-47,12411;36,1110559902875;278,075019125567
16;13;45,8235304355621;-27,1555;-47,12411;3,33707386376139;69,9182334096825
16;13;50,8227655887604;-27,1555;-47,12411;133,138924599836;163,461484745631
16;13;55,8212101459503;-27,1555;-47,12411;233,456866389516;80,4296117238664
16;14;0,820832967758179;-27,1555;-47,12411;157,415815089781;5,1012899793998
16;14;5,89085674285889;-27,1555;-47,12411;4,38248337985994;49,1540702436682
16;14;10,8224503993988;-27,1555;-47,12411;32,0799945983651;33,4485308431911
16;14;15,8241016864777;-27,1555;-47,12411;30,9913078476919;247,032753313032
16;14;20,8207991123199;-27,1555;-47,12411;128,721248596766;191,649638260686
16;14;25,8232960700989;-27,1555;-47,12411;85,7090534512045;4,79343978283071
16;14;30,8256101608276;-27,1555;-47,12411;112,765562533284;264,15945469647
16;14;35,8228888511658;-27,1555;-47,12411;265,496886094101;263,494342712615
16;14;40,8343977928162;-27,1555;-47,12411;254,819591866046;122,620533860805
16;14;45,8269350528717;-27,1555;-47,12411;87,4490964088008;160,918173819572
16;14;50,8245301246643;-27,1555;-47,12411;108,782575251892;145,782761894551
16;14;55,8259162902832;-27,1555;-47,12411;194,080181745302;202,398577261058
16;15;0,826380252838135;-27,1555;-47,12411;57,580480253075;144,324019156482
16;15;5,82676792144775;-27,1555;-47,12411;151,141125197894;0,928618487540533
16;15;10,8331706523895;-27,1555;-47,12411;293,387938441031;261,767369345626
16;15;15,8840575218201;-27,1555;-47,12411;99,7410102083159;209,398495787475
16;15;20,8274440765381;-27,1555;-47,12411;110,524781457351;293,089015432842
16;15;25,930490732193;-27,1555;-47,12411;30,5816480055642;49,8848148593658
16;15;30,829416513443;-27,1555;-47,12411;126,93181755063;108,984204667644
16;15;35,8317608833313;-27,1555;-47,12411;296,691331468186;88,3091068122155
16;15;40,8449101448059;-27,1555;-47,12411;82,1994625936456;176,479954947437
16;15;45,8339672088623;-27,1555;-47,12411;193,979349692771;44,224093093594
16;15;50,8333611488342;-27,1555;-47,12411;61,7731417043947;276,976496774794
16;15;55,8344044685364;-27,1555;-47,12411;98,8653555421481;16,4536988304243
16;16;0,840686798095703;-27,1555;-47,12411;25,4558948413624;153,602218501625
16;16;5,85616707801819;-27,1555;-47,12411;233,546619249339;264,317094895568
16;16;10,870947599411;-27,1555;-47,12411;195,796536785077;197,057355654689
16;16;15,8445720672607;-27,1555;-47,12411;95,2125562419027;226,477087999278
16;16;20,8418064117432;-27,1555;-47,12411;243,093624569326;252,916303358548
16;16;25,8396940231323;-27,1555;-47,12411;180,019005538844;1,16509265224338
16;16;30,8393063545227;-27,1555;-47,12411;109,438511634224;129,273023197929
16;16;35,870276927948;-27,1555;-47,12411;100,339239593538;152,179890046211
16;16;40,8792769908905;-27,1555;-47,12411;123,791016994829;83,5253446593013
16;16;45,8482587337494;-27,1555;-47,12411;150,646769163266;119,087469287689
16;16;50,8478548526764;-27,1555;-47,12411;133,796743051422;157,648391112494
16;16;55,8486471176147;-27,1555;-47,12411;129,477224686753;90,968484930291
16;17;0,883991003036499;-27,1555;-47,12411;98,531590762128;28,9558511819362
16;17;5,85058212280273;-27,1555;-47,12411;22,3489206563254;106,81525105044
16;17;10,8567657470703;-27,1555;-47,12411;185,858222614566;133,960286887223
16;17;15,8505153656006;-27,1555;-47,12411;49,8907687381705;78,2415213803326
16;17;20,8509976863861;-27,1555;-47,12411;13,0626704360281;46,7917214878967
16;17;25,8557755947113;-27,1555;-47,12411;114,941978661266;79,0105071432455
16;17;30,8540720939636;-27,1555;-47,12411;10,3164013116108;20,1986977436015
16;17;35,8548076152802;-27,1555;-47,12411;115,867248172394;60,4163158015678
16;17;40,8706505298615;-27,1555;-47,12411;191,254894264869;99,7066478426991
16;17;45,8590087890625;-27,1555;-47,12411;109,12593836819;224,187428366201
16;17;50,892151594162;-27,1555;-47,12411;93,205225621344;115,193770792299
16;17;55,908303976059;-27,1555;-47,12411;39,4401803199866;290,716847532296
16;18;0,852090358734131;-27,1555;-47,12411;75,0214467959145;18,9852786658084
16;18;5,85952496528625;-27,1555;-47,12411;48,3423831939584;218,284844138346
16;18;10,8583841323853;-27,1555;-47,12411;36,4574727350711;14,872839556058
16;18;15,883585691452;-27,1555;-47,12411;284,589063133345;278,557160724598
16;18;20,8592302799225;-27,1555;-47,12411;55,459278813176;191,131490888422
16;18;25,903596162796;-27,1555;-47,12411;10,2227239026169;264,628791366986
16;18;30,8800311088562;-27,1555;-47,12411;176,91776981162;60,048208202868
16;18;35,8549308776855;-27,1555;-47,12411;28,8237879185373;275,922710134846
16;18;40,8559396266937;-27,1555;-47,12411;37,1671042099237;123,422746907336
16;18;45,8614099025726;-27,1555;-47,12411;22,318623093662;132,939851615034
16;18;50,858633518219;-27,1555;-47,12411;77,3920408444869;192,255742504566
16;18;55,8689403533936;-27,1555;-47,12411;31,3615350104738;43,965491655897
16;19;0,890272855758667;-27,1555;-47,12411;261,279772677254;23,5278118160829
16;19;5,86934280395508;-27,1555;-47,12411;262,750780544461;244,480501055501
16;19;10,8574266433716;-27,1555;-47,12411;239,680512028761;203,876070495243
16;19;15,8733866214752;-27,1555;-47,12411;266,362596284936;57,1612360834384
16;19;20,8640584945679;-27,1555;-47,12411;16,1166278407163;85,047377568737
16;19;25,861695766449;-27,1555;-47,12411;246,487696009193;3,72796352601701
16;19;30,8608367443085;-27,1555;-47,12411;30,9976944648702;151,447444299261
16;19;35,8622801303864;-27,1555;-47,12411;128,603070041558;163,08618827819
16;19;40,8684039115906;-27,1555;-47,12411;251,650042647937;173,189964262569
16;19;45,8670039176941;-27,1555;-47,12411;47,5602881249061;36,8071512056359
16;19;50,8647539615631;-27,1555;-47,12411;271,769574145563;66,8555547634031
16;19;55,8816857337952;-27,1555;-47,12411;125,708545826876;8,46283402982468
16;20;0,901975393295288;-27,1555;-47,12411;205,388768345348;169,84744091115
16;20;5,8668737411499;-27,1555;-47,12411;134,431458919422;281,087866444836
16;20;10,9484956264496;-27,1555;-47,12411;294,165613305427;214,087610689094
16;20;15,8662321567535;-27,1555;-47,12411;43,6017274626698;182,625614076668
16;20;20,9172761440277;-27,1555;-47,12411;13,060833551616;232,436250616166
16;20;25,8632574081421;-27,1555;-47,12411;10,9767768386275;168,18938083622
16;20;30,869375705719;-27,1555;-47,12411;126,047673682818;155,489080081313
16;20;36,1412398815155;-27,1555;-47,12411;117,911958178155;279,165320460511
16;20;40,8760371208191;-27,1555;-47,12411;130,521398009666;127,760154128081
16;20;45,8755435943604;-27,1555;-47,12411;188,851485813113;51,0737310043306
16;20;50,870087146759;-27,1555;-47,12411;269,136738684414;155,430850309249
16;20;56,5476598739624;-27,1555;-47,12411;78,7299970977875;60,6400058453407
16;21;0,892881155014038;-27,1555;-47,12411;52,5378180921256;79,3927773309459
16;21;5,87387084960938;-27,1555;-47,12411;130,980979904166;27,9179821668493
16;21;10,8860101699829;-27,1555;-47,12411;270,244241523644;62,4395994696534
16;21;15,89018034935;-27,1555;-47,12411;236,597907657374;274,555421783539
16;21;20,8736584186554;-27,1555;-47,12411;294,674469019596;66,7235780919009
16;21;25,8713407516479;-27,1555;-47,12411;0,230742435706421;62,5288008182049
16;21;30,883193731308;-27,1555;-47,12411;64,2680636179278;193,994142258874
16;21;35,9480221271515;-27,1555;-47,12411;84,1141950187844;163,007975053352
16;21;40,978663444519;-27,1555;-47,12411;125,041705171217;92,5503132497353
16;21;45,9832770824432;-27,1555;-47,12411;197,242288504186;91,3472625282243
16;21;50,8796520233154;-27,1555;-47,12411;68,6466581708364;25,2945261843
16;21;55,8801462650299;-27,1555;-47,12411;52,8509098943358;245,945168173396
16;22;0,879711627960205;-27,1555;-47,12411;14,9765872901352;1,91942523500932
16;22;5,87807869911194;-27,1555;-47,12411;163,656906630199;147,924123176687
16;22;10,8807244300842;-27,1555;-47,12411;64,8854196768633;274,445896741891
16;22;15,8854832649231;-27,1555;-47,12411;121,925725097359;149,004352902702
16;22;20,8893537521362;-27,1555;-47,12411;215,97222136307;176,575244869889
16;22;25,9269423484802;-27,1555;-47,12411;182,075667432252;282,165420291719
16;22;30,9748878479004;-27,1555;-47,12411;64,181717523712;115,116476246367
16;22;35,8836007118225;-27,1555;-47,12411;160,357222033523;172,869540129765
16;22;40,8802127838135;-27,1555;-47,12411;83,3963785394321;150,815999567906
16;22;45,8876485824585;-27,1555;-47,12411;277,695223256105;159,229875955994
16;22;50,8867428302765;-27,1555;-47,12411;35,0656674866321;213,229711525538
16;22;55,8927547931671;-27,1555;-47,12411;39,0494744618733;217,820019745877
16;23;0,888382911682129;-27,1555;-47,12411;146,673258800178;144,829718058406
16;23;5,88612675666809;-27,1555;-47,12411;217,431913879739;268,075642445814
16;23;10,891845703125;-27,1555;-47,12411;14,5362522129934;270,096988901953
16;23;15,8861029148102;-27,1555;-47,12411;215,063270411877;218,435010186124
16;23;20,9070355892181;-27,1555;-47,12411;35,4546211625585;168,382088758764
16;23;25,957004070282;-27,1555;-47,12411;117,811687581065;201,568388901962
16;23;30,8828349113464;-27,1555;-47,12411;124,534409602529;225,059963257497
16;23;35,8878839015961;-27,1555;-47,12411;175,593719506201;32,5704842161747
16;23;40,8949568271637;-27,1555;-47,12411;177,592518943674;33,7118823170979
16;23;45,8946526050568;-27,1555;-47,12411;194,125149180863;193,427733641448
16;23;50,9120886325836;-27,1555;-47,12411;34,2564984958443;2,71643256026155
16;23;55,9006938934326;-27,1555;-47,12411;217,04965177901;133,502167427988
16;24;0,95698618888855;-27,1555;-47,12411;165,219652398159;292,597676233714
16;24;5,93095684051514;-27,1555;-47,12411;188,083339712947;89,8978723483706
16;24;10,8961548805237;-27,1555;-47,12411;74,037451338125;246,550091847891
16;24;15,9723041057587;-27,1555;-47,12411;189,262392524324;229,236745245966
16;24;20,9118103981018;-27,1555;-47,12411;148,917756050398;184,706563545727
16;24;25,8904795646667;-27,1555;-47,12411;101,569019538777;295,62305721799
16;24;30,8920376300812;-27,1555;-47,12411;267,085574810562;229,362299216163
16;24;35,8915977478027;-27,1555;-47,12411;260,692366188078;50,0780774944509
16;24;40,8991348743439;-27,1555;-47,12411;245,914711960677;41,4187209935592
16;24;45,8942239284515;-27,1555;-47,12411;120,427688039815;174,436026228753
16;24;50,8939504623413;-27,1555;-47,12411;285,914669893376;125,582402116516
16;24;55,8961188793182;-27,1555;-47,12411;30,8041689424118;108,821337646791
16;25;0,893292665481567;-27,1555;-47,12411;114,959462600014;7,65921806990841
16;25;5,90098404884338;-27,1555;-47,12411;198,423693591816;209,852405645997
16;25;10,8933486938477;-27,1555;-47,12411;274,627633383714;268,314977629477
16;25;15,8976192474365;-27,1555;-47,12411;172,018320035407;6,75818012703067
16;25;20,8925700187683;-27,1555;-47,12411;23,1932584450875;131,93971486635
16;25;25,8927080631256;-27,1555;-47,12411;63,2674733890582;92,6326654207869
16;25;30,8930857181549;-27,1555;-47,12411;114,714701125709;68,778647865318
16;25;35,9042983055115;-27,1555;-47,12411;247,272589689774;84,0619679885271
16;25;40,9065608978271;-27,1555;-47,12411;182,988341967752;64,3375623360829
16;25;45,9037108421326;-27,1555;-47,12411;112,068780262665;95,6156870089032
16;25;50,9049479961395;-27,1555;-47,12411;174,103465794236;85,0118471626168
16;25;55,9058413505554;-27,1555;-47,12411;284,833397135614;123,803676338365
16;26;0,913381814956665;-27,1555;-47,12411;186,122627661567;86,1174815524585
16;26;5,90686798095703;-27,1555;-47,12411;249,006835413665;20,2528714434747
16;26;10,91721534729;-27,1555;-47,12411;85,833033458839;153,341606694108
16;26;15,9072270393372;-27,1555;-47,12411;174,761035772041;138,599945878283
16;26;20,906108379364;-27,1555;-47,12411;241,227632423231;55,459240762214
16;26;25,9134361743927;-27,1555;-47,12411;24,9926394583692;284,07035613576
16;26;30,9246106147766;-27,1555;-47,12411;43,3533579922075;219,570528561149
16;26;35,9081108570099;-27,1555;-47,12411;76,9747624469752;141,28343697644
16;26;40,9084341526031;-27,1555;-47,12411;89,4589211412569;239,211020757462
16;26;45,910763502121;-27,1555;-47,12411;194,055246474494;252,362906873961
16;26;51,3393085002899;-27,1555;-47,12411;72,1279153857864;186,499131225558
16;26;55,9118268489838;-27,1555;-47,12411;267,356565426189;170,119295748956
16;27;0,910643100738525;-27,1555;-47,12411;74,6009409949573;52,2740221400445
16;27;5,91317892074585;-27,1555;-47,12411;89,8442805574416;62,0285215074441
16;27;10,9158728122711;-27,1555;-47,12411;186,668802774567;254,691808195529
16;27;15,9129567146301;-27,1555;-47,12411;73,7608474191335;260,007418969147
16;27;20,9168736934662;-27,1555;-47,12411;212,028224786265;254,792797061755
16;27;25,9141499996185;-27,1555;-47,12411;24,3813274090276;122,468294029266
16;27;30,9135422706604;-27,1555;-47,12411;154,495847349054;92,5669701246044
16;27;35,9166023731232;-27,1555;-47,12411;57,9388155570157;119,313659249031
16;27;40,9135777950287;-27,1555;-47,12411;187,82295134167;22,5617847189755
16;27;45,9140574932098;-27,1555;-47,12411;131,932876199413;6,08172638122537
16;27;50,996551990509;-27,1555;-47,12411;111,706273270769;50,0297084491438
16;27;55,9171786308289;-27,1555;-47,12411;202,079639711702;106,863054394055
16;28;0,915623188018799;-27,1555;-47,12411;282,962252074244;186,429238642989
16;28;5,91565203666687;-27,1555;-47,12411;176,187487296039;24,2961181375599
16;28;10,9162492752075;-27,1555;-47,12411;10,4540043189749;52,5172649508888
16;28;15,916405916214;-27,1555;-47,12411;216,656160656154;163,519472354732
16;28;20,9183912277222;-27,1555;-47,12411;185,039151756691;283,14421837452
16;28;25,9207305908203;-27,1555;-47,12411;217,915258629269;180,811383966717
16;28;30,9173533916473;-27,1555;-47,12411;220,186359131922;25,9355826303538
16;28;35,9173166751862;-27,1555;-47,12411;79,2032813298496;265,365984343413
16;28;40,9174380302429;-27,1555;-47,12411;297,646069037184;229,133988753909
16;28;45,9230525493622;-27,1555;-47,12411;288,321469500117;194,465853116705
16;28;50,9225776195526;-27,1555;-47,12411;55,4407634832401;171,16252691069
16;28;55,9211192131042;-27,1555;-47,12411;26,657454828689;249,328948761817
16;29;0,920418262481689;-27,1555;-47,12411;244,246918729027;48,0890129972325
16;29;5,91995978355408;-27,1555;-47,12411;287,602415358612;290,157736804318
16;29;10,9217483997345;-27,1555;-47,12411;39,2767946367016;41,0740762275348
16;29;15,9301280975342;-27,1555;-47,12411;220,6417409374;210,618405673349
16;29;20,9253666400909;-27,1555;-47,12411;196,575303078657;97,6339951443531
16;29;25,9238755702972;-27,1555;-47,12411;190,622566123836;194,114725440247
16;29;30,9263350963593;-27,1555;-47,12411;167,375682071687;260,759638428337
16;29;35,9248266220093;-27,1555;-47,12411;255,167758041802;40,6073375840003
16;29;40,9285235404968;-27,1555;-47,12411;231,070701421312;44,67476128749
16;29;45,9308433532715;-27,1555;-47,12411;168,221461982725;1,42736079111714
16;29;50,9272675514221;-27,1555;-47,12411;114,785673028831;286,701634204664
16;29;55,926771402359;-27,1555;-47,12411;124,426773122869;133,314753572674
16;30;0,930139780044556;-27,1555;-47,12411;3,18301029891073;5,15053607059475
16;30;5,93704342842102;-27,1555;-47,12411;272,054757212126;137,258166567668
16;30;10,9304687976837;-27,1555;-47,12411;187,847632727167;200,992026155556
16;30;15,9300746917725;-27,1555;-47,12411;56,0199885427549;226,836003527163
16;30;20,9295027256012;-27,1555;-47,12411;187,081059538425;153,439639441421
16;30;25,9304804801941;-27,1555;-47,12411;254,774131617633;67,5631411949233
16;30;30,9310030937195;-27,1555;-47,12411;160,729511258068;268,905852462333
16;30;35,9307477474213;-27,1555;-47,12411;144,125230698248;222,976111017157
16;30;40,9324586391449;-27,1555;-47,12411;210,198063632703;113,729448954945
16;30;45,9326639175415;-27,1555;-47,12411;213,668578616691;245,88369449293
16;30;50,9687261581421;-27,1555;-47,12411;97,2848572210009;4,60437257343542
16;30;55,9338004589081;-27,1555;-47,12411;236,435183106828;288,495678209074
16;31;0,935076475143433;-27,1555;-47,12411;60,4453159308929;164,005000625158
16;31;5,98404788970947;-27,1555;-47,12411;27,6967990527796;82,5763521879131
16;31;10,9378566741943;-27,1555;-47,12411;36,0610281606587;119,032805493291
16;31;15,9329307079315;-27,1555;-47,12411;75,0421993085461;210,59309724362
16;31;20,9329340457916;-27,1555;-47,12411;7,02441144946715;203,384687689673
16;31;25,9336512088776;-27,1555;-47,12411;229,769049720856;46,0728231246787
16;31;30,9365830421448;-27,1555;-47,12411;132,136304407467;188,927200000046
16;31;35,9343631267548;-27,1555;-47,12411;19,6945050628684;149,46476242834
